{"cameraMode":{"drawMode":0,"name":"Shaded","section":"Shading Mode"},"sceneLighting":true,"audioPlay":false,"sceneViewState":{"m_AlwaysRefresh":false,"showFog":true,"showSkybox":true,"showFlares":true,"showImageEffects":true,"showParticleSystems":true,"showVisualEffectGraphs":true,"m_FxEnabled":true},"in2DMode":false,"pivot":{"x":137.2980194091797,"y":340.00537109375,"z":658.6380615234375},"rotation":{"x":-0.0018112662946805359,"y":0.011410564184188843,"z":-0.00002427129220450297,"w":-0.9999382495880127},"size":734.3023681640625,"orthographic":false}